usuario,clave,email
lvoase0,xA8(W1s?k`,dmcgillreich0@tripadvisor.com
hbartrap1,kU2!8`qK}{2g,ttingley1@ning.com
swestgarth2,wF9)q+!Jz,kdominici2@cargocollective.com
rmindenhall3,"dD5?'56/MhdFIC",gscud3@opensource.org
tpundy4,fO6}B?_?U,calsford4@google.co.jp
lgarnsworthy5,yM1!x=Q}Fu53,ajoslyn5@economist.com
aloosely6,kU2'z>@<jIp~,ekeal6@webmd.com
cgumme7,cS4#\oK)42+}),ctordoff7@cafepress.com
dgeekin8,lS1#)u0TK6,sbault8@cloudflare.com
bchristall9,"vT9""F%.Au'X4ox#",ebawcock9@about.me
jovittsa,"iI3+UqpiPj""/FBa=",wpeppera@cisco.com
lenterleinb,lE0>a6zY,jgrimwadb@behance.net
tlemarquandc,mN9'ppvo/C,acarranec@cam.ac.uk
wwhitloed,yN2*L{bb,smatokhnind@mozilla.com
sbeavese,oP3=I`gTEDMN5YF\,achastande@ow.ly
rjaquestf,eD3##d8T6}cQbl,ckenlinf@printfriendly.com
eshadrachg,qT1*A>'i1(dy.l!,sgonoudeg@geocities.com
sheynsh,fR1)uwLyXpU5%n3},nabbitth@dedecms.com
bmanifieldi,xT2`e~eJ@O,gsolanoi@paginegialle.it
eposkittj,pL9(p14*J,jdequinceyj@netvibes.com